candidate_id	record_id	issue	decision_origin	terminal_disposition	orch279_effect	original_annotator_intent
NBE-V22-001	administração::administração.01	WHY_THIS_MAPPING_WAS_CHOSEN_NOT_EXPLICIT_IN_LINKED_EVIDENCE	NEW_RETROSPECTIVE_SCIENTIFIC_JUSTIFICATION_NOT_RECOVERED_INTENT	COMPLETE_SCOPE_BOUNDED_RETROSPECTIVE_DECISION_WITH_EXPLICIT_AMBIGUITY	ACCEPT_RETROSPECTIVE_RATIONALE_OR_DOCUMENTARY_TRANSFORMATION_ONLY	NOT_RECOVERED_NOT_INFERRED
NBE-V22-002	alta::alta.01	WHY_THIS_MAPPING_WAS_CHOSEN_NOT_EXPLICIT_IN_LINKED_EVIDENCE	NEW_RETROSPECTIVE_SCIENTIFIC_JUSTIFICATION_NOT_RECOVERED_INTENT	COMPLETE_SCOPE_BOUNDED_RETROSPECTIVE_DECISION_WITH_EXPLICIT_AMBIGUITY	ACCEPT_RETROSPECTIVE_RATIONALE_OR_DOCUMENTARY_TRANSFORMATION_ONLY	NOT_RECOVERED_NOT_INFERRED
NBE-V22-003	classificação::classificação.01	WHY_THIS_MAPPING_WAS_CHOSEN_NOT_EXPLICIT_IN_LINKED_EVIDENCE	NEW_RETROSPECTIVE_SCIENTIFIC_JUSTIFICATION_NOT_RECOVERED_INTENT	COMPLETE_SCOPE_BOUNDED_RETROSPECTIVE_DECISION_WITH_EXPLICIT_AMBIGUITY	ACCEPT_RETROSPECTIVE_RATIONALE_OR_DOCUMENTARY_TRANSFORMATION_ONLY	NOT_RECOVERED_NOT_INFERRED
NBE-V22-004	compra::compra.01	WHY_THIS_MAPPING_WAS_CHOSEN_NOT_EXPLICIT_IN_LINKED_EVIDENCE	NEW_RETROSPECTIVE_SCIENTIFIC_JUSTIFICATION_NOT_RECOVERED_INTENT	COMPLETE_SCOPE_BOUNDED_RETROSPECTIVE_DECISION_WITH_EXPLICIT_AMBIGUITY	ACCEPT_RETROSPECTIVE_RATIONALE_OR_DOCUMENTARY_TRANSFORMATION_ONLY	NOT_RECOVERED_NOT_INFERRED
NBE-V22-005	concorrência::concorrência.01	WHY_THIS_MAPPING_WAS_CHOSEN_NOT_EXPLICIT_IN_LINKED_EVIDENCE	NEW_RETROSPECTIVE_SCIENTIFIC_JUSTIFICATION_NOT_RECOVERED_INTENT	COMPLETE_SCOPE_BOUNDED_RETROSPECTIVE_DECISION_WITH_EXPLICIT_AMBIGUITY	ACCEPT_RETROSPECTIVE_RATIONALE_OR_DOCUMENTARY_TRANSFORMATION_ONLY	NOT_RECOVERED_NOT_INFERRED
NBE-V22-007	dúvida::dúvida.02	WHY_THIS_MAPPING_WAS_CHOSEN_NOT_EXPLICIT_IN_LINKED_EVIDENCE	NEW_RETROSPECTIVE_SCIENTIFIC_JUSTIFICATION_NOT_RECOVERED_INTENT	COMPLETE_SCOPE_BOUNDED_RETROSPECTIVE_DECISION_WITH_EXPLICIT_AMBIGUITY	ACCEPT_RETROSPECTIVE_RATIONALE_OR_DOCUMENTARY_TRANSFORMATION_ONLY	NOT_RECOVERED_NOT_INFERRED
NBE-V22-008	locação::locação.01	WHY_THIS_MAPPING_WAS_CHOSEN_NOT_EXPLICIT_IN_LINKED_EVIDENCE	NEW_RETROSPECTIVE_SCIENTIFIC_JUSTIFICATION_NOT_RECOVERED_INTENT	COMPLETE_SCOPE_BOUNDED_RETROSPECTIVE_DECISION_WITH_EXPLICIT_AMBIGUITY	ACCEPT_RETROSPECTIVE_RATIONALE_OR_DOCUMENTARY_TRANSFORMATION_ONLY	NOT_RECOVERED_NOT_INFERRED
NBE-V22-009	negociação::negociação.01	WHY_THIS_MAPPING_WAS_CHOSEN_NOT_EXPLICIT_IN_LINKED_EVIDENCE	NEW_RETROSPECTIVE_SCIENTIFIC_JUSTIFICATION_NOT_RECOVERED_INTENT	COMPLETE_SCOPE_BOUNDED_RETROSPECTIVE_DECISION_WITH_EXPLICIT_AMBIGUITY	ACCEPT_RETROSPECTIVE_RATIONALE_OR_DOCUMENTARY_TRANSFORMATION_ONLY	NOT_RECOVERED_NOT_INFERRED
NBE-V22-011	preguiça::preguiça.02	WHY_THIS_MAPPING_WAS_CHOSEN_NOT_EXPLICIT_IN_LINKED_EVIDENCE	NEW_RETROSPECTIVE_SCIENTIFIC_JUSTIFICATION_NOT_RECOVERED_INTENT	COMPLETE_SCOPE_BOUNDED_RETROSPECTIVE_DECISION_WITH_EXPLICIT_AMBIGUITY	ACCEPT_RETROSPECTIVE_RATIONALE_OR_DOCUMENTARY_TRANSFORMATION_ONLY	NOT_RECOVERED_NOT_INFERRED
NBE-V22-006	cotação::cotação.01	SOURCE_INVENTORY_DIFF_REQUIRES_EXPLICIT_TRANSFORMATION_HISTORY	NEW_RETROSPECTIVE_SCIENTIFIC_JUSTIFICATION_NOT_RECOVERED_INTENT	RETROSPECTIVE_TRANSFORMATION_DECISION_DOCUMENTARY_RATIFICATION_ONLY	ACCEPT_RETROSPECTIVE_RATIONALE_OR_DOCUMENTARY_TRANSFORMATION_ONLY	NOT_RECOVERED_NOT_INFERRED
NBE-V22-010	posição::posição.01	SOURCE_INVENTORY_DIFF_REQUIRES_EXPLICIT_TRANSFORMATION_HISTORY	NEW_RETROSPECTIVE_SCIENTIFIC_JUSTIFICATION_NOT_RECOVERED_INTENT	RETROSPECTIVE_TRANSFORMATION_DECISION_DOCUMENTARY_RATIFICATION_ONLY	ACCEPT_RETROSPECTIVE_RATIONALE_OR_DOCUMENTARY_TRANSFORMATION_ONLY	NOT_RECOVERED_NOT_INFERRED
